[
  {
    "address": "TWyKrp5dRv1oFsuSCc2DpsCUaDDJ3Kg8PJ",
    "crypto": "USDT TRC20",
    "status": "pending",
    "expiresAt": 1743775299502
  },
  {
    "address": "TGtddgeqexsCnVcDYAPbHAWEHBQAofZDuv",
    "crypto": "USDT TRC20",
    "status": "pending",
    "expiresAt": 1743775358639
  },
  {
    "address": "TNjamufvSTzpC4kvu8UbEy3m3d4j6ubcAU",
    "crypto": "USDT TRC20",
    "status": "pending",
    "expiresAt": 1743775362511
  },
  {
    "address": "TGE5jpynpcEpRYht1VfD9jVgizHsB5xv4D",
    "crypto": "USDT TRC20",
    "status": "pending",
    "expiresAt": 1743775633400
  },
  {
    "address": "TFo6SHgEzVvqyCYTbH8cMJELJNet2hmqGc",
    "crypto": "USDT TRC20",
    "status": "pending",
    "expiresAt": 1743778515000
  },
  {
    "address": "TBzRYQ2LzwAenB8JMtaYxuSCPTWrr43TH9",
    "crypto": "USDT TRC20",
    "status": "pending",
    "expiresAt": 1743780969092
  },
  {
    "address": "TKs8nXU3sTDxZqWpArae1JwLRzMrxtkogU",
    "crypto": "USDT TRC20",
    "status": "pending",
    "expiresAt": 1743782651201
  },
  {
    "address": "TJ3QvcM9Wnu8KqT7iPAqkguUh2yBQoaWsz",
    "crypto": "USDT TRC20",
    "status": "pending",
    "expiresAt": 1743782674890
  },
  {
    "address": "TRdwwDAnM631a7geMELJDqWKcCrAQFraL6",
    "crypto": "USDT TRC20",
    "status": "pending",
    "expiresAt": 1743791467297
  }
]